,text,category,importance,word_count,size
0,table,tableau,0.050095242,2201,20
1,tableau,tableau,0.04209647,1810,20
2,column,tableau,0.035794675,1685,20
3,field,tableau,0.030160662,1517,20
4,value,tableau,0.028469613,3540,20
5,filter,tableau,0.024671758,1050,20
6,power,tableau,0.020641902,917,20
7,would,tableau,0.01425934,3301,20
8,number,tableau,0.013713029,1397,20
9,month,tableau,0.013183919,534,20
